id,parola_target,parola_vietata1,parola_vietata2,parola_vietata3,parola_vietata4,parola_vietata5
1,INFLUENCER,SOCIAL,INSTAGRAM,FOLLOWER,CONTENUTI,FAMOSO
2,CRUSH,COTTA,AMORE,SEGRETO,INNAMORATO,SENTIMENTO
3,SPOILERARE,ANTICIPARE,FINALE,FILM,SERIE,RIVELARE
4,FLASHARE,RICORDARE,IMPROVVISO,MOMENTO,LAMPO,MENTE
5,SBATTI,FATICA,PROBLEMI,SFORZO,LAVORO,NOIA
6,GAMING,VIDEOGIOCHI,CONSOLE,GIOCARE,PLAYSTATION,COMPUTER
7,MEME,INTERNET,IMMAGINE,RIDERE,VIRALE,BATTUTA
8,GHOSTARE,SPARIRE,RISPONDERE,MESSAGGI,IGNORARE,CHAT
9,CRINGE,IMBARAZZO,VERGOGNA,DISAGIO,BRUTTO,FASTIDIO
10,FLEX,VANTARSI,MOSTRARE,OSTENTARE,RICCHEZZA,ESIBIRE
11,SKIFARE,SALTARE,EVITARE,PASSARE,LEZIONE,SCUOLA
12,BOOMER,VECCHIO,GENERAZIONE,ANZIANO,SUPERATO,TRADIZIONALE
13,SGAMARE,SCOPRIRE,SEGRETO,CATTURARE,VEDERE,SORPRENDERE
14,TRIGGERARE,IRRITARE,PROVOCARE,REAZIONE,SCATENARE,NERVOSO
15,TAMARRATA,ECCESSO,CATTIVO,GUSTO,ESAGERATO,PACCHIANO
16,STORYTELLING,RACCONTARE,STORIA,NARRAZIONE,CONTENUTO,MARKETING
17,HYPE,ASPETTATIVA,ATTESA,ENTUSIASMO,PUBBLICITÀ,USCITA
18,SWAG,STILE,MODA,ATTEGGIAMENTO,COOL,VESTIRE
19,SALTY,ARRABBIATO,GIOCO,PERDERE,AMAREGGIATO,FRUSTRATO
20,DRAMA,LITE,POLEMICA,CONFLITTO,DISCUSSIONE,SCENA
21,FRIENDZONE,AMICIZIA,AMORE,RESPINTO,CONFINE,ZONA
22,SCLERARE,ARRABBIARSI,NERVOSO,IMPAZZIRE,PERDERE,CONTROLLO
23,SPACCARE,SUCCESSO,FORTE,IMPRESSIONARE,POTENTE,RISULTATO
24,TOXIC,NEGATIVO,PERICOLOSO,DANNOSO,RELAZIONE,PERSONA
25,SPOOFING,FINGERE,TELEFONO,IDENTITÀ,TRUFFA,NUMERO
26,MOOD,UMORE,SENTIMENTO,ATMOSFERA,STATO,ANIMO
27,SBROCCARE,ESPLODERE,RABBIA,PAZIENZA,PERDERE,CONTROLLO
28,VIBES,SENSAZIONE,ATMOSFERA,ENERGIA,FEELING,PERCEPIRE
29,OUTFIT,VESTITO,ABBIGLIAMENTO,MODA,INSIEME,LOOK
30,CRINGIATA,VERGOGNA,DISAGIO,IMBARAZZO,BRUTTO,SCENA
31,PIZZA,MARGHERITA,NAPOLI,FORMAGGIO,FORNO,POMODORO
32,SMARTPHONE,TELEFONO,CHIAMARE,APP,SCHERMO,TOUCH
33,CALCIO,PALLONE,SQUADRA,GOAL,CAMPO,GIOCATORE
34,GELATO,FREDDO,CONO,ESTATE,GUSTO,CREMA
35,PALESTRA,ALLENAMENTO,PESI,FITNESS,MUSCOLI,SUDORE
36,TRENO,STAZIONE,BINARIO,VIAGGIO,ROTAIE,VAGONE
37,CINEMA,FILM,SCHERMO,BIGLIETTO,SALA,PROIEZIONE
38,CAFFÈ,ESPRESSO,TAZZINA,MATTINA,AMARO,SVEGLIA
39,UNIVERSITÀ,LAUREA,STUDENTI,ESAMI,PROFESSORE,FACOLTÀ
40,MUSICA,CANZONI,SUONO,ASCOLTARE,MELODIA,RITMO
41,VACANZA,ESTATE,MARE,RELAX,VIAGGIO,HOTEL
42,COMPUTER,TASTIERA,MOUSE,SCHERMO,INTERNET,PROGRAMMA
43,BICICLETTA,PEDALARE,RUOTA,CATENA,MANUBRIO,VELOCITÀ
44,MONTAGNA,SCALARE,ALTEZZA,NEVE,PICCO,ESCURSIONE
45,LIBRO,PAGINE,LEGGERE,AUTORE,STORIA,COPERTINA
46,CUCINARE,RICETTA,FORNELLI,INGREDIENTI,PENTOLA,CHEF
47,FOTOGRAFIA,SCATTARE,IMMAGINE,CAMERA,OBIETTIVO,RICORDO
48,GATTO,MIAGOLARE,PELO,ZAMPE,CODA,ANIMALE
49,AMICIZIA,LEGAME,AFFETTO,FIDUCIA,PERSONA,RELAZIONE
50,DORMIRE,LETTO,NOTTE,SOGNO,RIPOSO,SVEGLIA
51,VIAGGIO,DESTINAZIONE,VALIGIA,PARTENZA,TURISTA,ESPLORARE
52,COMPLEANNO,FESTA,REGALO,TORTA,CANDELINE,AUGURI
53,AMORE,SENTIMENTO,CUORE,COPPIA,RELAZIONE,PASSIONE
54,LAVORO,UFFICIO,CARRIERA,STIPENDIO,IMPIEGO,COLLEGA
55,FAMIGLIA,GENITORI,FIGLI,CASA,LEGAME,PARENTI
56,SUPERMERCATO,SPESA,CARRELLO,PRODOTTI,CASSA,CIBO
57,AUTO,GUIDARE,STRADA,VOLANTE,MOTORE,VIAGGIO
58,GIARDINO,PIANTE,FIORI,VERDE,COLTIVARE,NATURA
59,NUOTARE,ACQUA,PISCINA,MARE,BRACCIATA,BAGNATO
60,RISTORANTE,MANGIARE,CAMERIERE,MENU,TAVOLO,CENA
61,AEREO,VOLARE,PILOTA,VIAGGIO,CIELO,ATTERRAGGIO
62,MEDICO,OSPEDALE,SALUTE,CURA,MALATTIA,PAZIENTE
63,TEMPO,OROLOGIO,ORA,MINUTI,PASSARE,ATTESA
64,SPIAGGIA,MARE,SABBIA,ESTATE,OMBRELLONE,SOLE
65,PARCO,NATURA,ALBERI,PASSEGGIATA,PANCHINA,VERDE
66,DANZA,BALLARE,MUSICA,MOVIMENTO,RITMO,COREOGRAFIA
67,CASA,ABITAZIONE,STANZE,VIVERE,FAMIGLIA,TETTO
68,TELEFONO,CHIAMARE,PARLARE,NUMERO,CELLULARE,COMUNICARE
69,CANE,ABBAIARE,ZAMPE,FEDELE,GUINZAGLIO,CUCCIOLO
70,ARTE,DIPINTO,MUSEO,ARTISTA,OPERA,CREATIVITÀ
71,MARE,ACQUA,SPIAGGIA,ONDE,NUOTARE,SALATO
72,SOLE,CALDO,LUCE,ESTATE,RAGGI,CIELO
73,LUNA,NOTTE,CIELO,STELLA,SATELLITE,FASE
74,VINO,ROSSO,BIANCO,UVA,BOTTIGLIA,ALCOL
75,FILM,CINEMA,ATTORI,REGISTA,TRAMA,SCENA
76,PIOGGIA,ACQUA,CIELO,GOCCE,OMBRELLO,TEMPORALE
77,NUVOLE,CIELO,BIANCHE,TEMPO,PIOGGIA,FORMA
78,SCUOLA,INSEGNANTE,STUDENTI,LEZIONI,COMPITI,CLASSE
79,TELEVISIONE,SCHERMO,PROGRAMMI,GUARDARE,CANALE,TELECOMANDO
80,NEVE,FREDDO,BIANCA,INVERNO,FIOCCHI,SCIARE
81,FORESTA,ALBERI,VERDE,NATURA,BOSCO,ANIMALI
82,CITTÀ,EDIFICI,STRADE,TRAFFICO,METROPOLITANA,ABITANTI
83,TEATRO,SPETTACOLO,PALCOSCENICO,ATTORI,PUBBLICO,SIPARIO
84,TORTA,DOLCE,COMPLEANNO,FORNO,FETTA,ZUCCHERO
85,TRUCCATI,MAKEUP,ROSSETTO,FONDOTINTA,OCCHI,VISO
86,PROFUMO,FRAGRANZA,ODORE,SPRUZZARE,ESSENZA,BOTTIGLIA
87,GIORNALE,NOTIZIE,LEGGERE,QUOTIDIANO,ARTICOLI,INFORMAZIONE
88,CONCERTO,MUSICA,PALCO,ARTISTA,PUBBLICO,CANTARE
89,CARTONE,ANIMATO,BAMBINI,DISEGNO,PERSONAGGI,DISNEY
90,MATRIMONIO,SPOSI,CERIMONIA,ANELLO,ABITO,CHIESA
91,ZUCCHERO,DOLCE,BIANCO,CAFFÈ,TÈ,CUCCHIAINO
92,PASTA,ITALIANA,SPAGHETTI,SUGO,CUOCERE,PIATTO
93,SIGARETTA,FUMARE,TABACCO,ACCENDINO,FILTRO,NICOTINA
94,DIVANO,SEDERE,SALOTTO,RELAX,CUSCINI,COMODO
95,SCARPE,PIEDI,CAMMINARE,CALZATURE,STRINGHE,SUOLA
96,FORBICI,TAGLIARE,CARTA,LAME,METALLO,PUNTA
97,CHIAVE,PORTA,SERRATURA,APRIRE,METALLO,CASA
98,CAMICIA,ABBIGLIAMENTO,BOTTONI,COLLETTO,STIRARE,MANICHE
99,OROLOGIO,TEMPO,ORA,POLSO,LANCETTE,QUADRANTE
100,BOTTIGLIA,VETRO,LIQUIDO,ACQUA,TAPPO,VERSARE
101,OCCHIALI,VISTA,LENTI,MONTATURA,LEGGERE,VEDERE
102,TAVOLO,SEDIA,MANGIARE,LEGNO,MOBILE,CUCINA
103,FINESTRA,VETRO,VISTA,LUCE,APRIRE,TENDA
104,PORTA,APRIRE,CHIUDERE,STANZA,MANIGLIA,ENTRARE
105,ORECCHINI,GIOIELLI,LOBO,INDOSSARE,BRILLANTI,PENDENTI
106,CIOCCOLATO,DOLCE,CACAO,TAVOLETTA,FONDENTE,LATTE
107,LATTE,MUCCA,BIANCO,BERE,COLAZIONE,CALCIO
108,PISTOLA,ARMA,SPARARE,PROIETTILE,PERICOLO,GRILLETTO
109,MOTOCICLETTA,MOTO,RUOTE,CASCO,VELOCITÀ,GUIDARE
110,ANELLO,DITO,ORO,FIDANZAMENTO,GIOIELLO,MATRIMONIO
111,LAMPADINA,LUCE,ACCENDERE,ELETTRICITÀ,ILLUMINARE,EDISON
112,MATITA,SCRIVERE,DISEGNARE,LEGNO,PUNTA,GOMMA
113,FOGLIA,ALBERO,VERDE,PIANTA,AUTUNNO,CADERE
114,SORRISO,FELICITÀ,BOCCA,DENTI,ALLEGRIA,LABBRA
115,OMBRELLO,PIOGGIA,APRIRE,RIPARARE,PIEGARE,MANICO
116,AGO,CUCIRE,FILO,PUNTA,SOTTILE,METALLO
117,NASO,FACCIA,ODORE,RESPIRARE,SENTIRE,OLFATTO
118,PANTALONI,JEANS,GAMBA,INDOSSARE,CINTURA,ABBIGLIAMENTO
119,ANATRA,UCCELLO,ACQUA,STAGNO,BECCO,QUACK
120,OMBRA,SCURO,LUCE,SILHOUETTE,SOLE,PROIEZIONE
121,BANDIERA,NAZIONE,COLORI,SIMBOLO,SVENTOLARE,ASTA
122,SPAZZOLINO,DENTI,LAVARE,IGIENE,BOCCA,PASTA
123,PENNA,SCRIVERE,INCHIOSTRO,FOGLIO,BIRO,FIRMA
124,SEDIA,SEDERE,GAMBE,SCHIENALE,MOBILE,TAVOLO
125,AEROPORTO,VOLI,PARTENZA,ARRIVO,PASSEGGERI,TERMINAL
126,BANCA,SOLDI,CONTO,SPORTELLO,CASSIERE,PRESTITO
127,STELLA,CIELO,NOTTE,LUCENTE,SPAZIO,PUNTINO
128,PARRUCCHIERE,CAPELLI,TAGLIO,FORBICI,PETTINE,ACCONCIATURA
129,UFFICIO,LAVORO,SCRIVANIA,COMPUTER,COLLEGHI,RIUNIONE
130,LETTO,DORMIRE,MATERASSO,CUSCINO,NOTTE,RIPOSO
131,BIBITA,BEVANDA,BOTTIGLIA,GASSATA,SETE,FREDDA
132,BIGLIETTO,TRENO,PAGARE,VIAGGIO,VALIDARE,TRASPORTO
133,CUSCINO,LETTO,MORBIDO,DORMIRE,APPOGGIARE,TESTA
134,PORTAFOGLIO,SOLDI,TASCA,CARTE,CONTANTI,DOCUMENTI
135,TRUCCO,VISO,MAKEUP,ROSSETTO,BELLEZZA,COSMETICI
136,TAMBURO,BATTERIA,SUONARE,PERCUSSIONE,RITMO,BACCHETTE
137,TENNIS,RACCHETTA,PALLINA,CAMPO,RETE,SPORT
138,CALENDARIO,GIORNI,MESI,ANNO,DATA,APPUNTAMENTI
139,DENTISTA,DENTI,STUDIO,CARIE,CONTROLLO,PAURA
140,ZAINO,SPALLE,SCUOLA,VIAGGIO,BORSA,TRASPORTARE
141,GIRAFFA,COLLO,LUNGO,AFRICA,ANIMALE,MACCHIE
142,PIANETA,TERRA,SPAZIO,ORBITA,SISTEMA,SOLARE
143,PISCINA,NUOTARE,ACQUA,ESTATE,TUFFO,BAGNINO
144,CASSETTO,MOBILE,APRIRE,CONSERVARE,TIRARE,CHIUDERE
145,FOGLIO,CARTA,SCRIVERE,BIANCO,QUADERNO,STAMPANTE
146,LAVATRICE,VESTITI,LAVARE,BUCATO,DETERSIVO,ELETTRODOMESTICO
147,SCOPA,PULIRE,PAVIMENTO,MANICO,POLVERE,SPAZZARE
148,DIAMANTE,GIOIELLO,BRILLANTE,PREZIOSO,ANELLO,CARATI
149,SCALA,SALIRE,SCENDERE,GRADINI,ALTEZZA,VERTICALE
150,CANDELA,CERA,FIAMMA,BUIO,LUCE,PROFUMATA
151,TASTIERA,COMPUTER,SCRIVERE,TASTI,DIGITARE,DITA
152,CAPPOTTO,INVERNO,FREDDO,GIACCA,BOTTONI,COPRIRE
153,CAROTA,VERDURA,ARANCIONE,CONIGLIO,ORTAGGIO,VITAMINA
154,CRAVATTA,CAMICIA,COLLO,ELEGANTE,NODO,FORMALE
155,LENTIGGINI,VISO,MACCHIOLINE,SOLE,PELLE,ROSSE
156,CACCIAVITE,AVVITARE,VITE,STRUMENTO,PUNTA,MANICO
157,FRIGORIFERO,FREDDO,CIBO,CUCINA,CONSERVARE,ELETTRODOMESTICO
158,QUADRO,DIPINTO,CORNICE,PARETE,ARTE,MUSEO
159,TATUAGGIO,PELLE,DISEGNO,PERMANENTE,AGO,INCHIOSTRO
160,SPAZIO,UNIVERSO,PIANETI,STELLE,VUOTO,ASTRONOMIA
161,DENTIFRICIO,DENTI,LAVARE,PASTA,TUBO,SPAZZOLINO
162,CETRIOLO,VERDURA,INSALATA,VERDE,LUNGO,ORTAGGIO
163,FRULLATO,BEVANDA,FRUTTA,MIXER,YOGURT,SMOOTHIE
164,FARFALLA,INSETTO,VOLARE,ALI,COLORATA,BRUCO
165,MICROFONO,VOCE,CANTARE,PARLARE,AUDIO,REGISTRARE
166,CEROTTO,FERITA,COPRIRE,ADESIVO,MEDICAZIONE,PICCOLO
167,MAGLIETTA,INDOSSARE,COTONE,ABBIGLIAMENTO,MANICHE,TSHIRT
168,FORCHETTA,MANGIARE,POSATA,PUNTE,TAVOLA,CUCINA
169,OCCHIO,VEDERE,VISO,PUPILLA,IRIDE,VISTA
170,POLIZIA,AGENTE,LEGGE,UNIFORME,SIRENA,ORDINE
171,GIOCATTOLO,BAMBINO,GIOCARE,DIVERTIMENTO,PLASTICA,REGALO
172,VIGILE,TRAFFICO,STRADA,MULTA,FISCHIETTO,COMUNE
173,MAPPA,STRADA,DIREZIONE,ORIENTAMENTO,GEOGRAFIA,CARTINA
174,ARCOBALENO,COLORI,PIOGGIA,SOLE,CIELO,FENOMENO
175,MASCHERA,VISO,COPRIRE,CARNEVALE,TRAVESTIMENTO,NASCONDERE
176,RUOTA,GIRARE,CERCHIO,AUTO,BICICLETTA,ASSE
177,SALVADANAIO,SOLDI,RISPARMIARE,MAIALINO,MONETE,ROMPERE
178,VALIGIA,VIAGGIO,VESTITI,VACANZA,BAGAGLIO,MANIGLIA
179,ROSSETTO,LABBRA,TRUCCO,COLORE,MAKEUP,DONNA
180,CACCIATORE,FUCILE,BOSCO,ANIMALI,SELVAGGINA,MIRA
181,SERPENTE,RETTILE,STRISCIARE,VELENO,SQUAME,LINGUA
182,MANETTE,POLIZIA,ARRESTO,POLSI,METALLO,CRIMINALE
183,RAZZO,SPAZIO,LANCIARE,ASTRONAUTA,NAVICELLA,VOLARE
184,MONGOLFIERA,VOLARE,ARIA,CESTO,PALLONE,CIELO
185,PETTINE,CAPELLI,ACCONCIATURA,DENTI,PARRUCCHIERE,SPAZZOLA
186,ZUPPA,CALDA,CUCCHIAIO,BRODO,MINESTRA,CUCINARE
187,RADIO,ASCOLTARE,MUSICA,FREQUENZA,ANTENNA,TRASMISSIONE
188,ALBERO,FOGLIE,TRONCO,RAMI,BOSCO,NATURA
189,CIPOLLA,VERDURA,PIANGERE,TAGLIARE,STRATI,CUCINA
190,PELUCHE,MORBIDO,BAMBINI,GIOCATTOLO,ORSACCHIOTTO,STOFFA
191,AQUILONE,VOLARE,VENTO,FILO,CIELO,COLORATO
192,BARBA,VISO,UOMO,RASARE,PELI,CRESCERE
193,MIELE,API,DOLCE,ALVEARE,COLAZIONE,GIALLO
194,CAMPANA,SUONARE,CHIESA,METALLO,RINTOCCO,CAMPANILE
195,BORSA,TRASPORTARE,DONNA,ACCESSORIO,SPALLA,CONTENERE
196,CANDELA,LUCE,FIAMMA,CERA,ACCENDERE,ROMANTICO
197,GABBIA,SBARRE,ANIMALE,RINCHIUDERE,PRIGIONE,UCCELLO
198,SIRENA,EMERGENZA,AMBULANZA,POLIZIA,SUONO,ALLARME
199,PRATO,ERBA,VERDE,CAMPO,FIORI,NATURA
200,RUCOLA,INSALATA,VERDE,AMARA,FOGLIE,VERDURA
201,INFRADITO,ESTATE,PIEDI,MARE,SPIAGGIA,CIABATTE
202,GHIACCIO,FREDDO,ACQUA,CUBETTI,CONGELATO,GELO
203,GINOCCHIO,GAMBA,ARTICOLAZIONE,DOLORE,PIEGA,CORPO
204,TAPPO,BOTTIGLIA,CHIUDERE,APRIRE,SUGHERO,CONTENITORE
205,TAPPETO,PAVIMENTO,ARREDAMENTO,MORBIDO,PULIRE,COLORATO
206,NASTRO,REGALO,PACCHETTO,STOFFA,FIOCCO,AVVOLGERE
207,NOCE,FRUTTA,GUSCIO,SECCA,ALBERO,ROMPERE
208,COTONE,MORBIDO,TESSUTO,BIANCO,PIANTA,NATURALE
209,GIOIELLO,PREZIOSO,ORO,DIAMANTE,INDOSSARE,BRILLANTE
210,ONDA,MARE,ACQUA,SURF,MOVIMENTO,SPIAGGIA
211,SUSHI,GIAPPONESE,RISO,PESCE,CRUDO,BACCHETTE
212,FOGLIE,ALBERO,VERDI,AUTUNNO,CADERE,PIANTA
213,RASOIO,BARBA,TAGLIARE,LAME,RASARE,PELI
214,COCCINELLA,INSETTO,ROSSO,PUNTINI,FORTUNA,PICCOLA
215,FOSSILE,ANTICA,DINOSAURO,SCAVO,STORIA,PIETRA
216,CICATRICE,FERITA,PELLE,SEGNO,PERMANENTE,GUARITA
217,POZZANGHERA,ACQUA,PIOGGIA,TERRA,BAGNATA,SALTARE
218,COLLANINA,GIOIELLO,COLLO,CIONDOLO,CATENINA,INDOSSARE
219,CALAMITA,MAGNETE,ATTRAZIONE,FRIGO,FERRO,ATTACCARE
220,SEMAFORO,STRADA,ROSSO,VERDE,TRAFFICO,ATTRAVERSARE
221,LUCCHETTO,CHIUDERE,CHIAVE,SICUREZZA,METALLO,CATENA
222,BAFFI,VISO,UOMO,LABBRO,PELI,RASARE
223,BANANA,FRUTTA,GIALLA,BUCCIA,SCIMMIA,TROPICALE
224,CHITARRA,STRUMENTO,SUONARE,CORDE,MUSICA,ACUSTICA
225,SCATOLA,CONTENITORE,CARTONE,CONSERVARE,REGALO,APRIRE
226,CIAMBELLA,DOLCE,BUCO,GLASSA,ZUCCHERO,CIOCCOLATO
227,ZENZERO,SPEZIA,PICCANTE,RADICE,AROMA,CUCINA
228,FULMINE,TEMPESTA,CIELO,ELETTRICITÀ,LAMPO,TUONO
229,GIGANTE,GRANDE,ENORME,FIABA,ALTEZZA,COLOSSALE
230,NAUFRAGIO,MARE,NAVE,AFFONDARE,ISOLA,SOPRAVVIVERE
231,CACCIAVITE,VITE,AVVITARE,STRUMENTO,MANICO,RIPARARE
232,GREMBIULE,CUCINA,CUCINARE,PROTEGGERE,VESTITI,CHEF
233,PETALO,FIORE,COLORATO,ROSA,DELICATO,SBOCCIARE
234,FONTANA,ACQUA,PIAZZA,ZAMPILLO,MONETE,DESIDERIO
235,CASTELLO,MEDIEVALE,TORRE,NOBILTÀ,FOSSATO,PIETRA
236,VENTILATORE,ESTATE,ARIA,FRESCO,PALE,CALDO
237,NIDO,UCCELLO,UOVA,RAMI,ALBERO,COSTRUIRE
238,CORIANDOLI,FESTA,COLORATI,LANCIARE,CARNEVALE,CARTA
239,OSSO,SCHELETRO,CANE,CORPO,FRATTURA,DURO
240,POMATA,CREMA,APPLICARE,PELLE,FARMACO,TUBO
241,BURATTINO,BAMBOLA,SPETTACOLO,FILI,MARIONETTA,LEGNO
242,CAVALLETTA,INSETTO,SALTARE,VERDE,ZAMPE,PRATO
243,CONFINE,PAESE,NAZIONE,FRONTIERA,PASSAPORTO,DIVIDERE
244,URAGANO,TEMPESTA,VENTO,DEVASTAZIONE,TROPICALE,CICLONE
245,CIMITERO,TOMBE,MORTI,LAPIDI,FUNERALI,DEFUNTI
246,COLTELLO,TAGLIARE,LAMA,CUCINA,AFFILATO,POSATA
247,SALICE,ALBERO,PIANGENTE,RAMI,ACQUA,LUNGO
248,PELLICCIA,ANIMALE,CAPPOTTO,PELO,CALDO,MORBIDA
249,RICCIO,ANIMALE,SPINE,PUNGENTE,PICCOLO,BOSCO
250,CASCATA,ACQUA,CADERE,FIUME,ALTEZZA,NATURA
251,ELICOTTERO,VOLARE,PALE,PILOTA,CIELO,ATTERRAGGIO
252,FUMETTO,DISEGNO,DIALOGO,STORIA,BALLOON,VIGNETTE
253,MUMMIA,EGITTO,BENDE,FARAONE,ANTICA,TOMBA
254,GRATTUGIA,FORMAGGIO,CUCINA,METALLO,BUCHI,SMINUZZARE
255,PIANOFORTE,STRUMENTO,TASTI,MUSICA,SUONARE,BIANCO
256,CORALLO,MARE,BARRIERA,OCEANO,ROSSO,MARINO
257,ACCAPPATOIO,BAGNO,DOCCIA,ASCIUGARE,VESTAGLIA,SPUGNA
258,TROMBA,STRUMENTO,FIATO,OTTONE,SUONARE,JAZZ
259,MIRTILLO,FRUTTO,BOSCO,BLU,PICCOLO,DOLCE
260,AMACA,RIPOSARE,ALBERI,DONDOLARE,RELAX,VACANZA
261,TAPPETINO,YOGA,GINNASTICA,ESERCIZI,PALESTRA,PAVIMENTO
262,DELFINO,MARE,MAMMIFERO,NUOTARE,INTELLIGENTE,ACQUATICO
263,FRANCOBOLLO,LETTERA,POSTA,COLLEZIONE,AFFRANCATURA,RARO
264,STIVALI,PIOGGIA,SCARPE,PIEDI,CALZARE,INVERNO
265,PAGLIACCIO,CIRCO,NASO,ROSSO,TRUCCATO,DIVERTENTE
266,LAVAGNA,SCUOLA,GESSETTO,SCRIVERE,NERA,INSEGNANTE
267,MARMELLATA,DOLCE,FRUTTA,COLAZIONE,BARATTOLO,PANE
268,CORIANDOLO,SPEZIA,CUCINA,SEMI,AROMA,ETNICA
269,PUZZLE,PEZZI,INCASTRO,COMPLETARE,GIOCO,IMMAGINE
270,SCUDO,PROTEGGERE,GUERRIERO,DIFESA,BATTAGLIA,ARMA
271,SCIVOLO,BAMBINI,PARCO,GIOCARE,DISCESA,DIVERTIMENTO
272,GRANCHIO,MARE,CHELE,SABBIA,CAMMINARE,CROSTACEO
273,STAMPELLA,APPENDERE,VESTITI,ABITO,ARMADIO,APPENDIABITI
274,SALVAGENTE,MARE,GALLEGGIARE,PISCINA,SICUREZZA,ANELLO
275,MANDARINO,FRUTTA,AGRUME,BUCCIA,SPICCHI,ARANCIONE
276,BUSSOLA,DIREZIONE,NORD,NAVIGARE,MAGNETICA,ORIENTAMENTO
277,CICALA,INSETTO,ESTATE,RUMORE,CANTO,ALBERO
278,PINGUINO,GHIACCIO,ANTARTICO,BIANCO,NERO,UCCELLO
279,CARTELLA,DOCUMENTI,SCUOLA,CONTENERE,FOGLI,UFFICIO
280,SPECCHIO,RIFLESSO,IMMAGINE,GUARDARE,VETRO,PARETE
281,VERNICE,COLORE,DIPINGERE,MURO,PENNELLO,SECCHIO
282,PIANTANA,LAMPADA,LUCE,SALOTTO,ILLUMINARE,ALTA
283,TOVAGLIA,TAVOLA,COPRIRE,STOFFA,PRANZO,MACCHIA
284,ELEFANTE,GRANDE,TROMBA,ZANNE,ANIMALE,GRIGIO
285,FIONDA,TIRARE,SASSI,ELASTICO,MIRA,LANCIARE
286,LUMACA,LENTA,GUSCIO,BAVA,CORNA,GIARDINO
287,PIUMA,UCCELLO,LEGGERA,PENNA,MORBIDA,VOLATILE
288,PERLE,GIOIELLI,COLLANA,BIANCHE,OSTRICA,PREZIOSE
289,MICROSCOPIO,INGRANDIRE,SCIENZA,LABORATORIO,LENTE,PICCOLO
290,PALLONCINO,GONFIARE,ARIA,COLORATO,FESTA,SCOPPIARE
291,PALCOSCENICO,TEATRO,SPETTACOLO,ATTORI,RECITARE,PUBBLICO
292,CANGURO,AUSTRALIA,SALTARE,MARSUPIO,ANIMALE,CODA
293,PICNIC,PRATO,MANGIARE,APERTO,COPERTA,CESTINO
294,PERGAMENA,ANTICA,SCRIVERE,CARTA,ROTOLO,DIPLOMA
295,PINNE,NUOTARE,MARE,PIEDI,SUBACQUEO,IMMERSIONE
296,GUANTI,MANI,INVERNO,FREDDO,DITA,PROTEGGERE
297,RENNA,NATALE,BABBO,SLITTA,CORNA,POLO
298,MASCHERA,VISO,NASCONDERE,CARNEVALE,COPRIRE,TRAVESTIMENTO
299,LANTERNA,LUCE,BUIO,FIAMMA,ILLUMINARE,CAMPEGGIO
300,VOLPE,FURBA,ROSSA,CODA,ANIMALE,BOSCO
301,MOSAICO,PEZZI,ARTE,TESSERE,COLORATO,IMMAGINE
302,BARCA,MARE,NAVIGARE,VELA,ACQUA,PORTO
303,TROMBONE,STRUMENTO,FIATO,OTTONE,ORCHESTRA,SUONARE
304,GIOSTRA,BAMBINI,GIRARE,CAVALLI,PARCO,DIVERTIMENTO
305,CLESSIDRA,TEMPO,SABBIA,SCORRERE,MISURARE,VETRO
306,SAUNA,CALDO,SUDARE,VAPORE,RELAX,LEGNO
307,DINOSAURO,ESTINTO,PREISTORICO,GRANDE,RETTILE,FOSSILE
308,CAVATAPPI,VINO,APRIRE,BOTTIGLIA,SUGHERO,UTENSILE
309,PARACADUTE,SALTARE,ARIA,CIELO,CADERE,VOLARE
310,VENTOSA,ATTACCARE,ASPIRARE,GOMMA,VUOTO,BAGNO
311,LUCCIOLA,INSETTO,LUCE,NOTTE,BRILLANTE,ESTATE
312,RISAIA,RISO,ACQUA,CAMPO,COLTIVARE,ORIENTE
313,BRIVIDO,FREDDO,PAURA,TREMARE,PELLE,SENSAZIONE
314,TAPPEZZERIA,PARETE,CARTA,DECORARE,CASA,MOTIVO
315,CALAMARO,MARE,TENTACOLI,MOLLUSCO,INCHIOSTRO,PESCE
316,TARTARUGA,LENTA,GUSCIO,RETTILE,LONGEVA,MARE
317,MAPPAMONDO,TERRA,GEOGRAFIA,CONTINENTI,SFERA,GIREVOLE
318,CORIANDOLI,FESTA,COLORATI,LANCIARE,CARTA,CARNEVALE
319,PICCHE,CARTE,GIOCO,SIMBOLO,NERO,POKER
320,PIASTRELLA,BAGNO,PAVIMENTO,CERAMICA,PARETE,RIVESTIMENTO
321,PULSANTE,PREMERE,DISPOSITIVO,ATTIVARE,BOTTONE,DITO
322,RACCHETTA,TENNIS,COLPIRE,PALLINA,SPORT,CAMPO
323,BAGNINO,PISCINA,SALVARE,MARE,SPIAGGIA,SORVEGLIARE
324,CRICETO,RODITORE,GABBIA,PICCOLO,ANIMALE,RUOTA
325,BINOCOLO,GUARDARE,LONTANO,LENTI,INGRANDIRE,OSSERVARE
326,TOSTAPANE,PANE,ELETTRODOMESTICO,FETTE,CALDO,COLAZIONE
327,OASI,DESERTO,ACQUA,PALME,VERDE,RISTORO
328,FOGNA,ACQUA,SCARICO,SOTTERRANEA,TOMBINO,LIQUAMI
329,ARAGOSTA,MARE,CHELE,CROSTACEO,ROSSA,CUCINARE
330,ZUCCA,HALLOWEEN,ARANCIONE,VEGETALE,INTAGLIARE,ORTO
331,STAMPANTE,COMPUTER,CARTA,INCHIOSTRO,DOCUMENTO,UFFICIO
332,PIGIAMA,DORMIRE,INDOSSARE,NOTTE,COMODO,LETTO
333,TERMOMETRO,FEBBRE,TEMPERATURA,MISURARE,MERCURIO,GRADI
334,GIRANDOLA,VENTO,GIRARE,COLORATA,BAMBINI,SOFFIARE
335,GIOCATTOLO,BAMBINI,DIVERTIMENTO,PLASTICA,GIOCARE,REGALO
336,TAGLIERE,CUCINA,TAGLIARE,LEGNO,CIBO,COLTELLO
337,CAVERNA,MONTAGNA,BUIO,GROTTA,ROCCIA,NASCONDIGLIO
338,PELLICOLA,AVVOLGERE,CIBO,TRASPARENTE,CONSERVARE,CUCINA
339,CAPPELLO,TESTA,INDOSSARE,SOLE,MODA,PROTEGGERE
340,LIMONE,AGRUME,ACIDO,GIALLO,FRUTTO,SPREMUTA
341,ALTALENA,PARCO,DONDOLARE,BAMBINI,SEDILE,CORDA
342,SCIARPA,COLLO,INVERNO,FREDDO,LANA,AVVOLGERE
343,INSALATA,VERDURA,FOGLIE,CRUDA,CONDIRE,MISTA
344,TASTIERA,COMPUTER,SCRIVERE,DIGITARE,TASTI,DITA
345,COLLANA,GIOIELLO,COLLO,INDOSSARE,CATENA,PENDENTE
346,CIABATTE,PIEDI,CASA,COMODO,CALZATURE,BAGNO
347,MARTELLO,CHIODO,BATTERE,ARNESE,FALEGNAME,METALLO
348,PANCHINA,SEDERE,PARCO,RIPOSO,LEGNO,PUBBLICA
349,TRAMONTO,SOLE,SERA,ORIZZONTE,ROSSO,CALARE
350,ALBA,SOLE,MATTINA,SORGERE,NUOVO,GIORNO
351,GUFO,UCCELLO,NOTTE,SAGGIO,OCCHI,RAPACE
352,MANUBRIO,BICICLETTA,GUIDARE,MANI,STERZO,DIRIGERE
353,CAMINO,FUOCO,CASA,LEGNA,INVERNO,CALDO
354,CILIEGIA,FRUTTO,ROSSO,ALBERO,DOLCE,PICCIOLO
355,PINZETTE,SOPRACCIGLIA,ESTRARRE,PICCOLE,METALLO,AFFERRARE
356,GABBIA,UCCELLO,SBARRE,RINCHIUDERE,METALLO,ANIMALE
357,PALETTA,SABBIA,BAMBINI,SCAVARE,MARE,CASTELLO
358,CASCO,TESTA,PROTEZIONE,MOTO,SICUREZZA,CADUTA
359,PALMA,ALBERO,TROPICALE,COCCO,MARE,ESOTICA
360,BUSSOLA,DIREZIONE,NAVIGARE,ORIENTAMENTO,NORD,MAGNETICA
361,VIOLINO,STRUMENTO,ARCO,MUSICA,CORDE,CLASSICA
362,IMPERMEABILE,PIOGGIA,GIACCA,PROTEZIONE,ACQUA,CAPPUCCIO
363,SPILLA,GIOIELLO,APPUNTARE,METALLO,ABBIGLIAMENTO,DECORAZIONE
364,CANDITO,ZUCCHERO,DOLCE,COLORATO,CARAMELLA,CRISTALLIZZATO
365,FIOCCO,REGALO,NASTRO,DECORAZIONE,LEGARE,CAPELLI
366,PENTOLA,CUCINARE,CUCINA,COPERCHIO,BOLLIRE,CIBO
367,FURGONE,VEICOLO,TRASPORTO,GRANDE,MERCI,GUIDARE
368,TIGRE,FELINO,STRISCE,SELVATICO,GIUNGLA,RUGGITO
369,IGLOO,GHIACCIO,ESKIMESI,CASA,FREDDO,NEVE
370,ZAINO,SCUOLA,SPALLE,TRASPORTARE,BORSA,VIAGGIO
371,MULINO,VENTO,GRANO,PALE,FARINA,ANTICO
372,BALCONE,CASA,ESTERNO,AFFACCIO,RINGHIERA,FINESTRA
373,FARFALLA,VOLARE,INSETTO,ALI,COLORATA,BRUCO
374,PAGAIA,CANOA,REMARE,ACQUA,NAVIGARE,MOVIMENTI
375,ABBRACCIO,AFFETTO,BRACCIA,STRINGERE,CALORE,AMORE
376,CLESSIDRA,TEMPO,SABBIA,SCORRERE,VETRO,MISURARE
377,MEDAGLIA,PREMIO,METALLO,VINCERE,COMPETIZIONE,PODIO
378,GESSO,LAVAGNA,SCRIVERE,SCUOLA,BIANCO,INSEGNANTE
379,ANCORA,NAVE,MARE,FONDO,FERMARE,CATENA
380,PIRAMIDE,EGITTO,FARAONE,DESERT,MONUMENTO,TRIANGOLARE
381,MARGHERITA,FIORE,BIANCO,PRATO,PETALI,GIALLO
382,MOLLETTA,BUCATO,APPENDERE,PANNI,STRINGERE,ASCIUGARE
383,TENDA,CAMPEGGIO,DORMIRE,APERTO,PALI,STOFFA
384,CALAMAIO,INCHIOSTRO,PENNA,SCRIVERE,ANTICA,CONTENITORE
385,TROTTOLA,GIOCO,GIRARE,BAMBINI,ROTAZIONE,LANCIO
386,CORNICE,FOTOGRAFIA,QUADRO,CONTORNO,IMMAGINE,PARETE
387,BARATTOLO,VETRO,CONSERVARE,CHIUSURA,CONTENITORE,CUCINA
388,CUCCHIAIO,MANGIARE,POSATA,TAVOLA,MINESTRA,TAVOLA
389,FORNO,CUCINA,CUOCERE,CALDO,ELETTRODOMESTICO,PIZZA
390,LACCIO,SCARPE,LEGARE,STRINGHE,ANNODARE,CALZATURE
391,OMBRELLONE,SPIAGGIA,SOLE,OMBRA,ESTATE,MARE
392,TAVOLA,SURF,MARE,ONDE,EQUILIBRIO,SPORT
393,BRACCIALETTO,POLSO,GIOIELLO,INDOSSARE,METALLO,DECORAZIONE
394,PAPPAGALLO,UCCELLO,PARLARE,COLORATO,TROPICALE,RIPETERE
395,CLESSIDRA,TEMPO,SABBIA,SCORRERE,MISURARE,VETRO
396,CONCHIGLIA,MARE,SPIAGGIA,MOLLUSCO,SPIRALE,RACCOGLIERE
397,MISSILE,RAZZO,LANCIARE,ARMA,ESPLOSIONE,GUERRA
398,CALAMITA,ATTRAZIONE,METALLO,MAGNETICO,FRIGO,POLO
399,VENTAGLIO,ESTATE,ARIA,SVENTOLARE,CALDO,MANO
400,BULLONE,VITE,AVVITARE,MECCANICA,METALLO,DADO
401,CAFFETTIERA,CAFFÈ,MOKA,CUCINA,MATTINA,ESPRESSO
402,TUONO,TEMPORALE,RUMORE,FULMINE,TEMPESTA,FORTE
403,PRATO,ERBA,VERDE,FIORI,CAMPO,NATURA
404,CHIODO,MARTELLO,BATTERE,METALLO,PUNTA,LEGNO
405,ANNAFFIATOIO,ACQUA,INNAFFIARE,PIANTE,GIARDINO,VERSARE
406,TAZZA,BERE,CAFFÈ,MANICO,LIQUIDO,CERAMICA
407,COPERCHIO,PENTOLA,COPRIRE,CUCINA,CHIUDERE,CUCINARE
408,BILANCIA,PESARE,PESO,MISURARE,EQUILIBRIO,CUCINA
409,MATTONELLA,PAVIMENTO,CERAMICA,BAGNO,RIVESTIRE,POSARE
410,ARANCIA,FRUTTO,AGRUME,SUCCO,SPREMUTA,BUCCIA
411,VULCANO,MONTAGNA,ERUZIONE,LAVA,MAGMA,FUOCO
412,MIRTILLO,FRUTTO,BOSCO,PICCOLO,BLU,SELVATICO
413,ASCENSORE,SALIRE,SCENDERE,PALAZZO,PIANI,CABINA
414,SALVIETTA,ASCIUGARE,MANI,BAGNO,UMIDA,PICCOLA
415,MONETA,SOLDI,METALLO,ROTONDA,CENTESIMO,SPICCIOLI
416,GIRASOLE,FIORE,GIALLO,SOLE,SEMI,ALTO
417,MULTA,PAGARE,INFRAZIONE,POLIZIA,CONTRAVVENZIONE,VIGILE
418,VASCA,BAGNO,ACQUA,LAVARSI,IMMERGERSI,RUBINETTO
419,VELIERO,NAVE,VELA,MARE,VENTO,NAVIGARE
420,ALBICOCCA,FRUTTO,ARANCIONE,NOCCIOLO,ESTATE,DOLCE
421,BALENA,MARE,GRANDE,OCEANO,MAMMIFERO,ACQUATICO
422,POLTRONA,SEDERE,COMODA,SALOTTO,RELAX,BRACCIOLI
423,CARTOLINA,SALUTI,VACANZA,IMMAGINE,FRANCOBOLLO,SPEDIRE
424,CANNELLA,SPEZIA,AROMA,DOLCI,BASTONCINO,PROFUMO
425,PETARDO,ESPLOSIONE,RUMORE,CAPODANNO,FUOCO,LANCIARE
426,CAPANNA,BOSCO,LEGNO,PICCOLA,RIFUGIO,SEMPLICE
427,VALANGA,NEVE,MONTAGNA,CADERE,PERICOLO,SCIATORE
428,PATTINI,GHIACCIO,SCIVOLARE,LAMA,SPORT,INVERNO
429,BUSTA,LETTERA,CARTA,SPEDIRE,CONTENERE,POSTA
430,MONOPATTINO,RUOTE,SPINGERE,BAMBINI,PICCOLO,STRADA
431,FETTA,TORTA,TAGLIARE,PARTE,PORZIONE,TRIANGOLO
432,PUNTINA,MURO,APPENDERE,PICCOLA,METALLO,ATTACCARE
433,GINOCCHIERA,PROTEZIONE,GINOCCHIO,CADUTA,SPORT,PALLAVOLO
434,MESTOLO,CUCINA,SERVIRE,MINESTRA,BRODO,CUCINARE
435,CIPRIA,VISO,TRUCCO,POLVERE,MAKEUP,COPRIRE
436,PEPE,SPEZIA,PICCANTE,NERO,MACINARE,CONDIMENTO
437,GUINZAGLIO,CANE,PASSEGGIATA,TENERE,STRADA,COLLARE
438,BATUFFOLO,COTONE,MORBIDO,PICCOLO,PULIRE,BIANCO
439,RAGGIO,SOLE,LUCE,LINEA,ATTRAVERSARE,DIRITTO
440,CESOIE,TAGLIARE,GIARDINO,SIEPE,GRANDI,FORBICI
441,PETTINE,CAPELLI,DENTI,ACCONCIARE,PETTINARE,PARRUCCHIERE
442,PUPAZZO,NEVE,INVERNO,BAMBINI,CAROTA,COSTRUIRE
443,TELECOMANDO,TELEVISIONE,PULSANTI,CAMBIARE,CANALE,CONTROLLARE
444,DITALE,CUCIRE,DITO,AGHI,PROTEZIONE,SARTORIA
445,ABETE,ALBERO,NATALE,PINO,AGHI,VERDE
446,ORIGAMI,CARTA,PIEGARE,GIAPPONESE,FIGURA,ARTE
447,TRICICLO,BAMBINI,RUOTE,PEDALARE,PICCOLO,GIOCO
448,SCOLAPASTA,PASTA,SCOLARE,ACQUA,CUCINA,BUCHI
449,ZATTERA,GALLEGGIARE,LEGNO,NAUFRAGIO,ACQUA,MARE
450,PASSAPORTO,VIAGGIO,ESTERO,DOCUMENTO,FOTO,FRONTIERA
451,MANDARINO,FRUTTO,AGRUME,SPICCHI,ARANCIONE,BUCCIA
452,CUSCINO,LETTO,DORMIRE,MORBIDO,TESTA,APPOGGIARE
453,TESSERA,DOCUMENTO,PLASTICA,IDENTIFICARE,ASSOCIAZIONE,CARTA
454,FIAMMIFERO,ACCENDERE,FUOCO,LEGNO,ZOLFO,FIAMMA
455,POMELLO,PORTA,APRIRE,GIRARE,MANIGLIA,ROTONDO
456,CAMOMILLA,TISANE,CALMARE,FIORE,BIANCO,RILASSANTE
457,SPAZZOLA,CAPELLI,PETTINARE,SETOLE,ACCONCIATURA,LISCIARE
458,CHIAVETTA,USB,DATI,COMPUTER,MEMORIA,PICCOLA
459,GELATO,FREDDO,CONO,ESTATE,GUSTO,COPPETTA
460,SPAVENTAPASSERI,CAMPO,UCCELLI,PAGLIA,SPAVENTARE,VESTITI
461,PERGAMENA,ANTICA,ROTOLO,DIPLOMA,CARTA,SCRIVERE
462,POLENTA,MAIS,GIALLA,PIATTO,FARINA,POLENTINA
463,PENNELLO,DIPINGERE,SETOLE,COLORE,PITTURA,QUADRO
464,MOLLICA,PANE,INTERNO,BRICIOLE,MORBIDA,TOGLIERE
465,FIAMMIFERO,ACCENDERE,FUOCO,ZOLFO,LEGNO,FIAMMA
466,TRIFOGLIO,FORTUNA,VERDE,QUADRIFOGLIO,PRATO,IRLANDESE
467,CARTINA,MAPPA,ORIENTARSI,GEOGRAFIA,STRADE,LOCALITÀ
468,IMBUTO,VERSARE,LIQUIDO,CONO,BOTTIGLIA,APERTURA
469,MEDUSA,MARE,TENTACOLI,URTICANTE,TRASPARENTE,NUOTARE
470,TRAMPOLINO,SALTARE,PISCINA,TUFFO,ELASTICO,ALTEZZA
471,GRONDAIA,PIOGGIA,ACQUA,TETTO,CASA,SCARICARE
472,DIGA,ACQUA,SBARRARE,FIUME,ELETTRICITÀ,BACINO
473,CHIAVISTELLO,PORTA,CHIUDERE,SICUREZZA,SCORREVOLE,SERRATURA
474,BRINDISI,BICCHIERI,FESTEGGIARE,ALZARE,AUGURI,VINO
475,SLITTA,NEVE,BABBO,NATALE,SCIVOLARE,INVERNO
476,LUMACA,LENTA,GUSCIO,BAVA,CORNA,GIARDINO
477,PATATA,TUBERO,TERRA,CUCINARE,FRITTE,PURÈ
478,ARGILLA,TERRA,MODELLARE,CERAMICA,FANGO,SCULTURA
479,ZAMPOGNA,STRUMENTO,NATALE,FIATO,CORNAMUSA,PASTORE
480,ALBICOCCA,FRUTTO,ESTATE,ARANCIONE,NOCCIOLO,POLPA
481,AQUILONE,VENTO,VOLARE,FILO,CIELO,BAMBINI
482,MANDRINO,LEGNO,TORNIO,LAVORARE,FALEGNAME,BLOCCARE
483,BISCOTTO,DOLCE,FORNO,MERENDA,FRIABILE,TÈ
484,MESTIERE,ARTIGIANO,MANI,LAVORARE,CREARE,ABILITÀ
485,CAMALEONTE,RETTILE,COLORE,CAMBIARE,LINGUA,MIMETIZZARSI
486,LIEVITO,PANE,CRESCERE,PIZZA,PASTA,INGREDIENTE
487,BOTTONE,CAMICIA,CUCIRE,VESTITI,CHIUSURA,ABBIGLIAMENTO
488,FRULLATORE,FRUTTA,MIXER,ELETTRODOMESTICO,FRULLATO,LAME
489,CORIANDOLO,SPEZIA,CUCINA,SEMI,ETNICA,AROMATICO
490,PISTACCHIO,FRUTTA,SECCA,VERDE,GUSCIO,SALATO
491,TROMBA,STRUMENTO,OTTONE,SUONARE,FIATO,JAZZ
492,SALVIA,ERBA,AROMATICA,CUCINA,FOGLIE,SAPORE
493,CERNIERA,CHIUSURA,VESTITI,APRIRE,LAMPO,GIUBBOTTO
494,VELCRO,ATTACCARE,CHIUSURA,SCARPE,STOFFA,STRAPPO
495,MESTIERE,LAVORO,MANUALE,ARTIGIANO,ABILITÀ,TRADIZIONE
496,PELUCHE,GIOCATTOLO,MORBIDO,ORSACCHIOTTO,BAMBINI,STOFFA
497,GIRANDOLA,VENTO,GIRARE,BAMBINI,COLORATA,MOVIMENTO
498,GRAPPOLO,UVA,FRUTTA,VINO,ACINI,VITE
499,CANARINO,UCCELLO,GIALLO,GABBIA,CANTARE,PICCOLO
500,TOVAGLIOLO,TAVOLA,BOCCA,PULIRE,CARTA,STOFFA
501,ASPARAGO,VERDURA,VERDE,PRIMAVERILE,GAMBO,ORTAGGIO
502,LUCCHETTO,CHIAVE,CHIUDERE,SICUREZZA,METALLO,CATENA
503,PAIOLO,PENTOLA,CUCINARE,MANICO,METALLO,GRANDE
504,PIATTINO,TAZZINA,CAFFÈ,PICCOLO,ROTONDO,APPOGGIARE
505,BATTISCOPA,MURO,PAVIMENTO,LEGNO,COPRIRE,BORDO
506,CAPEZZOLO,SENO,PETTO,ROSA,LATTE,ALLATTARE
507,TRALICCIO,ELETTRICITÀ,METALLO,ALTO,CAVI,CORRENTE
508,FIORDO,NORVEGIA,MARE,INSENATURA,MONTAGNA,ACQUA
509,ROSMARINO,ERBA,AROMATICA,CUCINA,PROFUMO,CARNE
510,TARASSACO,FIORE,DENTE,LEONE,GIALLO,SOFFIARE
511,CACCIAVITE,VITE,AVVITARE,PUNTA,STRUMENTO,GIRARE
512,SCIALUPPA,SALVEZZA,MARE,NAVE,EMERGENZA,NAUFRAGIO
513,LUCERTOLA,RETTILE,CODA,SOLE,MURO,VERDE
514,PARABREZZA,AUTO,VETRO,DAVANTI,TERGICRISTALLO,VISUALE
515,SCORPIONE,INSETTO,PUNTURA,VELENOSO,CODA,PINZE
516,SCIROPPO,DOLCE,DENSO,VERSARE,MEDICINALE,LIQUIDO
517,MANIGLIA,PORTA,APRIRE,MANO,GIRARE,SERRATURA
518,PAVONE,UCCELLO,CODA,COLORATO,PIUME,RUOTA
519,TESORO,SCRIGNO,PIRATI,MONETE,NASCOSTO,CERCATORI
520,MIRTILLO,FRUTTO,ROSSO,PICCOLO,SELVATICO,BOSCO
521,BOTTIGLIA,VETRO,LIQUIDO,CONTENITORE,TAPPO,VERSARE
522,CARRIOLA,GIARDINO,TRASPORTARE,RUOTA,LAVORO,ATTREZZO
523,GRUCCIA,APPENDIABITI,VESTITI,ARMADIO,APPENDERE,METALLO
524,VALIGIA,VIAGGIO,VESTITI,BAGAGLIO,VACANZA,AEROPORTO
525,TASTIERA,COMPUTER,SCRIVERE,TASTI,DIGITARE,DITA
526,POSACENERE,SIGARETTE,CENERE,FUMARE,APPOGGIARE,SVUOTARE
527,MANICHINO,NEGOZIO,ABBIGLIAMENTO,ESPORRE,VESTITI,PLASTICA
528,FINOCCHIO,VERDURA,ANICE,INSALATA,SEMI,BIANCO
529,GUFO,UCCELLO,NOTTE,OCCHI,RAPACE,SAGGIO
530,MARTELLO,CHIODO,BATTERE,FALEGNAME,METALLO,ARNESE
531,CIPOLLA,VERDURA,PIANGERE,TAGLIARE,ANELLI,BULBO
532,GRAFFETTA,CARTA,ATTACCARE,PICCOLA,METALLO,UFFICIO
533,STRUDEL,DOLCE,MELE,PASTA,AUSTRIACO,CANNELLA
534,LAVANDINO,ACQUA,BAGNO,RUBINETTO,LAVARE,CERAMICA
535,RONDINE,UCCELLO,VOLARE,MIGRARE,PRIMAVERA,NIDO
536,PASTELLO,COLORARE,CERA,DISEGNARE,BAMBINI,MORBIDO
537,MOSAICO,TESSERE,ARTE,COMPOSIZIONE,IMMAGINE,COLORATO
538,GHIANDA,QUERCIA,ALBERO,SCOIATTOLO,BOSCO,FRUTTO
539,STELLA,CIELO,NOTTE,LUMINOSA,PUNTINI,SPAZIO
540,ARCOLAIO,FILARE,LANA,ANTICO,TELAIO,FILO
541,BISCOTTI,DOLCI,FORNO,MERENDA,FRIABILI,BURRO
542,CUBO,GEOMETRIA,FACCE,GIOCO,QUADRATO,TRIDIMENSIONALE
543,CREDO,FEDE,RELIGIONE,CREDERE,SPIRITUALE,PERSONALE
544,GREMBIULE,CUCINA,CUOCO,MACCHIE,PROTEZIONE,INDOSSARE
545,DUNA,SABBIA,DESERTO,MARE,VENTO,COLLINA
546,GRANCHIO,MARE,CHELE,SABBIA,CAMMINARE,CROSTACEO
547,SALVADANAIO,RISPARMIARE,MAIALINO,SOLDI,MONETE,ROMPERE
548,CEROTTO,FERITA,PROTEGGERE,ADESIVO,PELLE,MEDICARE
549,CIPRESSO,ALBERO,VERDE,CIMITERO,ALTO,STRETTO
550,PETTINE,CAPELLI,DENTI,ACCONCIATURA,PARRUCCHIERE,LISCIARE
551,TRAPANO,FORARE,MURO,ELETTRICO,PUNTA,AVVITARE
552,CONIGLIO,ORECCHIE,CAROTA,SALTARE,ANIMALE,PELO
553,TAMBURO,BATTERIA,PERCUSSIONE,SUONARE,BACCHETTE,RITMO
554,ROMPICAPO,GIOCO,DIFFICILE,SOLUZIONE,ENIGMA,PENSARE
555,BAVAGLINO,BAMBINO,MANGIARE,COLLO,SPORCARE,PROTEGGERE
556,MOKA,CAFFÈ,MATTINA,CUCINA,ESPRESSO,NAPOLETANA
557,SCAFFALE,LIBRERIA,RIPIANI,LIBRI,OGGETTI,APPOGGIARE
558,MENSOLA,MURO,APPOGGIARE,OGGETTI,RIPIANO,SOSTENERE
559,FRANCOBOLLO,BUSTA,POSTA,LETTERA,AFFRANCATURA,COLLEZIONE
560,GRAFFETTA,CARTA,UFFICIO,METALLO,APPUNTARE,PICCOLA
561,RUGIADA,MATTINA,GOCCE,ERBA,UMIDITÀ,FRESCA
562,SEGNALIBRO,LIBRO,PAGINA,SEGNO,NASTRO,FERMARE
563,RUBINETTO,ACQUA,LAVANDINO,BAGNO,APRIRE,CHIUDERE
564,CROSTATA,DOLCE,PASTA,FROLLA,MARMELLATA,FRUTTA
565,MULINO,VENTO,PALE,FARINA,GRANO,MACINARE
566,PORTAFOGLIO,SOLDI,CARTE,TASCA,BANCONOTE,DOCUMENTO
567,FIOCCO,REGALO,NASTRO,PACCHETTO,LEGARE,DECORAZIONE
568,LAMPIONE,STRADA,LUCE,NOTTE,ILLUMINARE,ALTO
569,GIRANDOLA,VENTO,COLORATA,GIRARE,BAMBINI,RUOTARE
570,PIPISTRELLO,VOLARE,NOTTE,ALI,TESTA,UPSIDE
571,CLESSIDRA,TEMPO,SABBIA,SCORRERE,MISURARE,VETRO
572,DITALE,CUCIRE,DITO,PROTEZIONE,AGO,SARTA
573,GRATTUGIA,FORMAGGIO,CUCINA,METALLO,BUCHI,GRATTUGGIARE
574,CACCIATORE,FUCILE,ANIMALI,SELVAGGINA,SPARARE,BOSCO
575,PINZETTA,SOPRACCIGLIA,PICCOLA,ESTRARRE,PELI,METALLO
576,AMANTE,RELAZIONE,AMORE,SEGRETO,PASSIONE,TRADIMENTO
577,PIROETTA,DANZA,GIRO,BALLERINA,RUOTARE,CLASSICA
578,ESCA,PESCARE,ATTIRARE,PESCE,AMO,VERME
579,STETOSCOPIO,MEDICO,ASCOLTARE,CUORE,BATTITO,STRUMENTO
580,LENTE,INGRANDIRE,VETRO,PICCOLO,VEDERE,INGRANDIMENTO
581,POLENTA,FARINA,MAIS,GIALLA,PIATTO,CUCINA
582,CESTO,VIMINI,CONTENITORE,FRUTTA,PICNIC,INTRECCIATO
583,TOPAZIO,PIETRA,PREZIOSA,GIOIELLO,GIALLA,GEMMA
584,MERLETTO,STOFFA,DECORAZIONE,INTRECCI,ELEGANTE,PIZZO
585,ORIGANO,SPEZIA,PIZZA,CUCINA,MEDITERRANEA,ERBA
586,STAMPANTE,COMPUTER,CARTA,DOCUMENTO,INCHIOSTRO,UFFICIO
587,CARRIOLA,GIARDINO,RUOTA,TRASPORTARE,ATTREZZO,TERRA